H,W,C,K,Ks,QA,QW,Time
8,8,1,16,3,2,2,9361
8,8,1,16,3,2,4,9361
8,8,1,16,3,2,8,9361
8,8,1,16,3,4,2,9410
8,8,1,16,3,4,4,9410
8,8,1,16,3,4,8,9410
8,8,1,16,3,8,2,9556
8,8,1,16,3,8,4,9556
8,8,1,16,3,8,8,9556
8,8,1,16,5,2,2,4260
8,8,1,16,5,2,4,4260
8,8,1,16,5,2,8,4260
8,8,1,16,5,4,2,4328
8,8,1,16,5,4,4,4328
8,8,1,16,5,4,8,4328
8,8,1,16,5,8,2,4512
8,8,1,16,5,8,4,4512
8,8,1,16,5,8,8,4528
8,8,1,32,3,2,2,9425
8,8,1,32,3,2,4,9425
8,8,1,32,3,2,8,9425
8,8,1,32,3,4,2,9442
8,8,1,32,3,4,4,9442
8,8,1,32,3,4,8,9442
8,8,1,32,3,8,2,9572
8,8,1,32,3,8,4,9572
8,8,1,32,3,8,8,9572
8,8,1,32,5,2,2,4324
8,8,1,32,5,2,4,4324
8,8,1,32,5,2,8,4324
8,8,1,32,5,4,2,4360
8,8,1,32,5,4,4,4360
8,8,1,32,5,4,8,4360
8,8,1,32,5,8,2,4528
8,8,1,32,5,8,4,4528
8,8,1,32,5,8,8,4560
8,8,1,64,3,2,2,18769
8,8,1,64,3,2,4,18769
8,8,1,64,3,2,8,18769
8,8,1,64,3,4,2,18722
8,8,1,64,3,4,4,18722
8,8,1,64,3,4,8,18722
8,8,1,64,3,8,2,18820
8,8,1,64,3,8,4,18820
8,8,1,64,3,8,8,18820
8,8,1,64,5,2,2,8548
8,8,1,64,5,2,4,8548
8,8,1,64,5,2,8,8548
8,8,1,64,5,4,2,8520
8,8,1,64,5,4,4,8520
8,8,1,64,5,4,8,8520
8,8,1,64,5,8,2,8656
8,8,1,64,5,8,4,8656
8,8,1,64,5,8,8,8720
8,8,1,256,3,2,2,74833
8,8,1,256,3,2,4,74833
8,8,1,256,3,2,8,74833
8,8,1,256,3,4,2,74402
8,8,1,256,3,4,4,74402
8,8,1,256,3,4,8,74402
8,8,1,256,3,8,2,74308
8,8,1,256,3,8,4,74308
8,8,1,256,3,8,8,74308
8,8,1,256,5,2,2,33892
8,8,1,256,5,2,4,33892
8,8,1,256,5,2,8,33892
8,8,1,256,5,4,2,33480
8,8,1,256,5,4,4,33480
8,8,1,256,5,4,8,33480
8,8,1,256,5,8,2,33424
8,8,1,256,5,8,4,33424
8,8,1,256,5,8,8,33680
8,8,3,16,3,2,2,9523
8,8,3,16,3,2,4,9523
8,8,3,16,3,2,8,9523
8,8,3,16,3,4,2,9734
8,8,3,16,3,4,4,9734
8,8,3,16,3,4,8,9734
8,8,3,16,3,8,2,10204
8,8,3,16,3,8,4,10204
8,8,3,16,3,8,8,10220
8,8,3,16,5,2,2,4460
8,8,3,16,5,2,4,4460
8,8,3,16,5,2,8,4524
8,8,3,16,5,4,2,4728
8,8,3,16,5,4,4,4760
8,8,3,16,5,4,8,4792
8,8,3,16,5,8,2,5328
8,8,3,16,5,8,4,5344
8,8,3,16,5,8,8,5376
8,8,3,32,3,2,2,9587
8,8,3,32,3,2,4,9587
8,8,3,32,3,2,8,9587
8,8,3,32,3,4,2,9766
8,8,3,32,3,4,4,9766
8,8,3,32,3,4,8,9766
8,8,3,32,3,8,2,10220
8,8,3,32,3,8,4,10220
8,8,3,32,3,8,8,10252
8,8,3,32,5,2,2,4524
8,8,3,32,5,2,4,4524
8,8,3,32,5,2,8,4652
8,8,3,32,5,4,2,4760
8,8,3,32,5,4,4,4824
8,8,3,32,5,4,8,4888
8,8,3,32,5,8,2,5360
8,8,3,32,5,8,4,5392
8,8,3,32,5,8,8,5456
8,8,3,64,3,2,2,18931
8,8,3,64,3,2,4,18931
8,8,3,64,3,2,8,18931
8,8,3,64,3,4,2,19046
8,8,3,64,3,4,4,19046
8,8,3,64,3,4,8,19046
8,8,3,64,3,8,2,19468
8,8,3,64,3,8,4,19468
8,8,3,64,3,8,8,19532
8,8,3,64,5,2,2,8748
8,8,3,64,5,2,4,8748
8,8,3,64,5,2,8,9004
8,8,3,64,5,4,2,8920
8,8,3,64,5,4,4,9048
8,8,3,64,5,4,8,9176
8,8,3,64,5,8,2,9520
8,8,3,64,5,8,4,9584
8,8,3,64,5,8,8,9712
8,8,3,256,3,2,2,74995
8,8,3,256,3,2,4,74995
8,8,3,256,3,2,8,74995
8,8,3,256,3,4,2,74726
8,8,3,256,3,4,4,74726
8,8,3,256,3,4,8,74726
8,8,3,256,3,8,2,74956
8,8,3,256,3,8,4,74956
8,8,3,256,3,8,8,75212
8,8,3,256,5,2,2,34092
8,8,3,256,5,2,4,34092
8,8,3,256,5,2,8,35116
8,8,3,256,5,4,2,33880
8,8,3,256,5,4,4,34392
8,8,3,256,5,4,8,34904
8,8,3,256,5,8,2,34480
8,8,3,256,5,8,4,34736
8,8,3,256,5,8,8,35248
8,8,16,16,3,2,2,10576
8,8,16,16,3,2,4,10640
8,8,16,16,3,2,8,10704
8,8,16,16,3,4,2,11872
8,8,16,16,3,4,4,11904
8,8,16,16,3,4,8,11968
8,8,16,16,3,8,2,14448
8,8,16,16,3,8,4,14480
8,8,16,16,3,8,8,14544
8,8,16,16,5,2,2,5824
8,8,16,16,5,2,4,5952
8,8,16,16,5,2,8,6144
8,8,16,16,5,4,2,7424
8,8,16,16,5,4,4,7520
8,8,16,16,5,4,8,7712
8,8,16,16,5,8,2,10608
8,8,16,16,5,8,4,10704
8,8,16,16,5,8,8,10896
8,8,16,32,3,2,2,10640
8,8,16,32,3,2,4,10768
8,8,16,32,3,2,8,10896
8,8,16,32,3,4,2,11936
8,8,16,32,3,4,4,12000
8,8,16,32,3,4,8,12128
8,8,16,32,3,8,2,14496
8,8,16,32,3,8,4,14560
8,8,16,32,3,8,8,14688
8,8,16,32,5,2,2,5952
8,8,16,32,5,2,4,6208
8,8,16,32,5,2,8,6592
8,8,16,32,5,4,2,7552
8,8,16,32,5,4,4,7744
8,8,16,32,5,4,8,8128
8,8,16,32,5,8,2,10720
8,8,16,32,5,8,4,10912
8,8,16,32,5,8,8,11296
8,8,16,64,3,2,2,19984
8,8,16,64,3,2,4,20240
8,8,16,64,3,2,8,20496
8,8,16,64,3,4,2,21280
8,8,16,64,3,4,4,21408
8,8,16,64,3,4,8,21664
8,8,16,64,3,8,2,23808
8,8,16,64,3,8,4,23936
8,8,16,64,3,8,8,24192
8,8,16,64,5,2,2,10304
8,8,16,64,5,2,4,10816
8,8,16,64,5,2,8,11584
8,8,16,64,5,4,2,11904
8,8,16,64,5,4,4,12288
8,8,16,64,5,4,8,13056
8,8,16,64,5,8,2,15040
8,8,16,64,5,8,4,15424
8,8,16,64,5,8,8,16192
8,8,16,256,3,2,2,76048
8,8,16,256,3,2,4,77072
8,8,16,256,3,2,8,79392
8,8,16,256,3,4,2,77344
8,8,16,256,3,4,4,77856
8,8,16,256,3,4,8,81472
8,8,16,256,3,8,2,79680
8,8,16,256,3,8,4,80192
8,8,16,256,3,8,8,86400
8,8,16,256,5,2,2,36416
8,8,16,256,5,2,4,40064
8,8,16,256,5,2,8,46336
8,8,16,256,5,4,2,38016
8,8,16,256,5,4,4,42752
8,8,16,256,5,4,8,52224
8,8,16,256,5,8,2,40960
8,8,16,256,5,8,4,48896
8,8,16,256,5,8,8,64768
8,8,32,16,3,2,2,11936
8,8,32,16,3,2,4,12000
8,8,32,16,3,2,8,12128
8,8,32,16,3,4,2,14496
8,8,32,16,3,4,4,14560
8,8,32,16,3,4,8,14688
8,8,32,16,3,8,2,19664
8,8,32,16,3,8,4,19728
8,8,32,16,3,8,8,19872
8,8,32,16,5,2,2,7552
8,8,32,16,5,2,4,7744
8,8,32,16,5,2,8,8128
8,8,32,16,5,4,2,10720
8,8,32,16,5,4,4,10912
8,8,32,16,5,4,8,11296
8,8,32,16,5,8,2,17104
8,8,32,16,5,8,4,17296
8,8,32,16,5,8,8,17696
8,8,32,32,3,2,2,12064
8,8,32,32,3,2,4,12192
8,8,32,32,3,2,8,12448
8,8,32,32,3,4,2,14592
8,8,32,32,3,4,4,14720
8,8,32,32,3,4,8,14976
8,8,32,32,3,8,2,19744
8,8,32,32,3,8,4,19872
8,8,32,32,3,8,8,20160
8,8,32,32,5,2,2,7808
8,8,32,32,5,2,4,8192
8,8,32,32,5,2,8,8960
8,8,32,32,5,4,2,10944
8,8,32,32,5,4,4,11328
8,8,32,32,5,4,8,12096
8,8,32,32,5,8,2,17312
8,8,32,32,5,8,4,17696
8,8,32,32,5,8,8,18496
8,8,32,64,3,2,2,21536
8,8,32,64,3,2,4,21792
8,8,32,64,3,2,8,22304
8,8,32,64,3,4,2,24000
8,8,32,64,3,4,4,24256
8,8,32,64,3,4,8,24768
8,8,32,64,3,8,2,29120
8,8,32,64,3,8,4,29376
8,8,32,64,3,8,8,29952
8,8,32,64,5,2,2,12416
8,8,32,64,5,2,4,13184
8,8,32,64,5,2,8,17920
8,8,32,64,5,4,2,15488
8,8,32,64,5,4,4,16256
8,8,32,64,5,4,8,24192
8,8,32,64,5,8,2,21824
8,8,32,64,5,8,4,22592
8,8,32,64,5,8,8,32384
8,8,32,256,3,2,2,78368
8,8,32,256,3,2,4,81984
8,8,32,256,3,2,8,89216
8,8,32,256,3,4,2,80448
8,8,32,256,3,4,4,86656
8,8,32,256,3,4,8,99072
8,8,32,256,3,8,2,85376
8,8,32,256,3,8,4,96768
8,8,32,256,3,8,8,119808
8,8,32,256,5,2,2,43264
8,8,32,256,5,2,4,52736
8,8,32,256,5,2,8,71680
8,8,32,256,5,4,2,49152
8,8,32,256,5,4,4,65024
8,8,32,256,5,4,8,96768
8,8,32,256,5,8,2,61696
8,8,32,256,5,8,4,90368
8,8,32,256,5,8,8,129536
8,8,256,16,3,2,2,30528
8,8,256,16,3,2,4,31104
8,8,256,16,3,2,8,41472
8,8,256,16,3,4,2,51264
8,8,256,16,3,4,4,51840
8,8,256,16,3,4,8,62208
8,8,256,16,3,8,2,92736
8,8,256,16,3,8,4,93312
8,8,256,16,3,8,8,103680
8,8,256,16,5,2,2,31296
8,8,256,16,5,2,4,36992
8,8,256,16,5,2,8,48384
8,8,256,16,5,4,2,56896
8,8,256,16,5,4,4,62592
8,8,256,16,5,4,8,73984
8,8,256,16,5,8,2,108096
8,8,256,16,5,8,4,113792
8,8,256,16,5,8,8,125184
8,8,256,32,3,2,2,31104
8,8,256,32,3,2,4,41472
8,8,256,32,3,2,8,62208
8,8,256,32,3,4,2,51840
8,8,256,32,3,4,4,62208
8,8,256,32,3,4,8,82944
8,8,256,32,3,8,2,93312
8,8,256,32,3,8,4,103680
8,8,256,32,3,8,8,124416
8,8,256,32,5,2,2,37120
8,8,256,32,5,2,4,48640
8,8,256,32,5,2,8,71680
8,8,256,32,5,4,2,62592
8,8,256,32,5,4,4,73984
8,8,256,32,5,4,8,96768
8,8,256,32,5,8,2,113792
8,8,256,32,5,8,4,125184
8,8,256,32,5,8,8,147968
8,8,256,64,3,2,2,60160
8,8,256,64,3,2,4,82944
8,8,256,64,3,2,8,124416
8,8,256,64,3,4,2,80640
8,8,256,64,3,4,4,119808
8,8,256,64,3,4,8,165888
8,8,256,64,3,8,2,122112
8,8,256,64,3,8,4,161280
8,8,256,64,3,8,8,239616
8,8,256,64,5,2,2,65536
8,8,256,64,5,2,4,97280
8,8,256,64,5,2,8,143360
8,8,256,64,5,4,2,90624
8,8,256,64,5,4,4,130048
8,8,256,64,5,4,8,193536
8,8,256,64,5,8,2,141568
8,8,256,64,5,8,4,180736
8,8,256,64,5,8,8,259072
8,8,256,256,3,2,2,240640
8,8,256,256,3,2,4,331776
8,8,256,256,3,2,8,497664
8,8,256,256,3,4,2,322560
8,8,256,256,3,4,4,479232
8,8,256,256,3,4,8,663552
8,8,256,256,3,8,2,470016
8,8,256,256,3,8,4,645120
8,8,256,256,3,8,8,958464
8,8,256,256,5,2,2,262144
8,8,256,256,5,2,4,389120
8,8,256,256,5,2,8,573440
8,8,256,256,5,4,2,362496
8,8,256,256,5,4,4,520192
8,8,256,256,5,4,8,774144
8,8,256,256,5,8,2,493568
8,8,256,256,5,8,4,722944
8,8,256,256,5,8,8,1036288
32,32,1,16,3,2,2,232489
32,32,1,16,3,2,4,232489
32,32,1,16,3,2,8,232489
32,32,1,16,3,4,2,234482
32,32,1,16,3,4,4,234482
32,32,1,16,3,4,8,234482
32,32,1,16,3,8,2,238516
32,32,1,16,3,8,4,238516
32,32,1,16,3,8,8,238516
32,32,1,16,5,2,2,205668
32,32,1,16,5,2,4,205668
32,32,1,16,5,2,8,205668
32,32,1,16,5,4,2,210536
32,32,1,16,5,4,4,210536
32,32,1,16,5,4,8,210536
32,32,1,16,5,8,2,220320
32,32,1,16,5,8,4,220320
32,32,1,16,5,8,8,220336
32,32,1,32,3,2,2,232553
32,32,1,32,3,2,4,232553
32,32,1,32,3,2,8,232553
32,32,1,32,3,4,2,234514
32,32,1,32,3,4,4,234514
32,32,1,32,3,4,8,234514
32,32,1,32,3,8,2,238532
32,32,1,32,3,8,4,238532
32,32,1,32,3,8,8,238532
32,32,1,32,5,2,2,205732
32,32,1,32,5,2,4,205732
32,32,1,32,5,2,8,205732
32,32,1,32,5,4,2,210568
32,32,1,32,5,4,4,210568
32,32,1,32,5,4,8,210568
32,32,1,32,5,8,2,220336
32,32,1,32,5,8,4,220336
32,32,1,32,5,8,8,220368
32,32,1,64,3,2,2,463081
32,32,1,64,3,2,4,463081
32,32,1,64,3,2,8,463081
32,32,1,64,3,4,2,464978
32,32,1,64,3,4,4,464978
32,32,1,64,3,4,8,464978
32,32,1,64,3,8,2,468964
32,32,1,64,3,8,4,468964
32,32,1,64,3,8,8,468964
32,32,1,64,5,2,2,406564
32,32,1,64,5,2,4,406564
32,32,1,64,5,2,8,406564
32,32,1,64,5,4,2,411336
32,32,1,64,5,4,4,411336
32,32,1,64,5,4,8,411336
32,32,1,64,5,8,2,421072
32,32,1,64,5,8,4,421072
32,32,1,64,5,8,8,421136
32,32,1,256,3,2,2,1846249
32,32,1,256,3,2,4,1846249
32,32,1,256,3,2,8,1846249
32,32,1,256,3,4,2,1847762
32,32,1,256,3,4,4,1847762
32,32,1,256,3,4,8,1847762
32,32,1,256,3,8,2,1851556
32,32,1,256,3,8,4,1851556
32,32,1,256,3,8,8,1851556
32,32,1,256,5,2,2,1611556
32,32,1,256,5,2,4,1611556
32,32,1,256,5,2,8,1611556
32,32,1,256,5,4,2,1615944
32,32,1,256,5,4,4,1615944
32,32,1,256,5,4,8,1615944
32,32,1,256,5,8,2,1625488
32,32,1,256,5,8,4,1625488
32,32,1,256,5,8,8,1625744
32,32,3,16,3,2,2,236539
32,32,3,16,3,2,4,236539
32,32,3,16,3,2,8,236539
32,32,3,16,3,4,2,242582
32,32,3,16,3,4,4,242582
32,32,3,16,3,4,8,242582
32,32,3,16,3,8,2,254716
32,32,3,16,3,8,4,254716
32,32,3,16,3,8,8,254732
32,32,3,16,5,2,2,215468
32,32,3,16,5,2,4,215468
32,32,3,16,5,2,8,215532
32,32,3,16,5,4,2,230136
32,32,3,16,5,4,4,230168
32,32,3,16,5,4,8,230200
32,32,3,16,5,8,2,259536
32,32,3,16,5,8,4,259552
32,32,3,16,5,8,8,259584
32,32,3,32,3,2,2,236603
32,32,3,32,3,2,4,236603
32,32,3,32,3,2,8,236603
32,32,3,32,3,4,2,242614
32,32,3,32,3,4,4,242614
32,32,3,32,3,4,8,242614
32,32,3,32,3,8,2,254732
32,32,3,32,3,8,4,254732
32,32,3,32,3,8,8,254764
32,32,3,32,5,2,2,215532
32,32,3,32,5,2,4,215532
32,32,3,32,5,2,8,215660
32,32,3,32,5,4,2,230168
32,32,3,32,5,4,4,230232
32,32,3,32,5,4,8,230296
32,32,3,32,5,8,2,259568
32,32,3,32,5,8,4,259600
32,32,3,32,5,8,8,259664
32,32,3,64,3,2,2,467131
32,32,3,64,3,2,4,467131
32,32,3,64,3,2,8,467131
32,32,3,64,3,4,2,473078
32,32,3,64,3,4,4,473078
32,32,3,64,3,4,8,473078
32,32,3,64,3,8,2,485164
32,32,3,64,3,8,4,485164
32,32,3,64,3,8,8,485228
32,32,3,64,5,2,2,416364
32,32,3,64,5,2,4,416364
32,32,3,64,5,2,8,416620
32,32,3,64,5,4,2,430936
32,32,3,64,5,4,4,431064
32,32,3,64,5,4,8,431192
32,32,3,64,5,8,2,460336
32,32,3,64,5,8,4,460400
32,32,3,64,5,8,8,460528
32,32,3,256,3,2,2,1850299
32,32,3,256,3,2,4,1850299
32,32,3,256,3,2,8,1850299
32,32,3,256,3,4,2,1855862
32,32,3,256,3,4,4,1855862
32,32,3,256,3,4,8,1855862
32,32,3,256,3,8,2,1867756
32,32,3,256,3,8,4,1867756
32,32,3,256,3,8,8,1868012
32,32,3,256,5,2,2,1621356
32,32,3,256,5,2,4,1621356
32,32,3,256,5,2,8,1622380
32,32,3,256,5,4,2,1635544
32,32,3,256,5,4,4,1636056
32,32,3,256,5,4,8,1636568
32,32,3,256,5,8,2,1664944
32,32,3,256,5,8,4,1665200
32,32,3,256,5,8,8,1665712
32,32,16,16,3,2,2,262864
32,32,16,16,3,2,4,262928
32,32,16,16,3,2,8,262992
32,32,16,16,3,4,2,295264
32,32,16,16,3,4,4,295296
32,32,16,16,3,4,8,295360
32,32,16,16,3,8,2,360048
32,32,16,16,3,8,4,360080
32,32,16,16,3,8,8,360144
32,32,16,16,5,2,2,279232
32,32,16,16,5,2,4,279360
32,32,16,16,5,2,8,279552
32,32,16,16,5,4,2,357632
32,32,16,16,5,4,4,357728
32,32,16,16,5,4,8,357920
32,32,16,16,5,8,2,514416
32,32,16,16,5,8,4,514512
32,32,16,16,5,8,8,514704
32,32,16,32,3,2,2,262928
32,32,16,32,3,2,4,263056
32,32,16,32,3,2,8,263184
32,32,16,32,3,4,2,295328
32,32,16,32,3,4,4,295392
32,32,16,32,3,4,8,295520
32,32,16,32,3,8,2,360096
32,32,16,32,3,8,4,360160
32,32,16,32,3,8,8,360288
32,32,16,32,5,2,2,279360
32,32,16,32,5,2,4,279616
32,32,16,32,5,2,8,280000
32,32,16,32,5,4,2,357760
32,32,16,32,5,4,4,357952
32,32,16,32,5,4,8,358336
32,32,16,32,5,8,2,514528
32,32,16,32,5,8,4,514720
32,32,16,32,5,8,8,515104
32,32,16,64,3,2,2,493456
32,32,16,64,3,2,4,493712
32,32,16,64,3,2,8,493968
32,32,16,64,3,4,2,525856
32,32,16,64,3,4,4,525984
32,32,16,64,3,4,8,526240
32,32,16,64,3,8,2,590592
32,32,16,64,3,8,4,590720
32,32,16,64,3,8,8,590976
32,32,16,64,5,2,2,480320
32,32,16,64,5,2,4,480832
32,32,16,64,5,2,8,481600
32,32,16,64,5,4,2,558720
32,32,16,64,5,4,4,559104
32,32,16,64,5,4,8,559872
32,32,16,64,5,8,2,715456
32,32,16,64,5,8,4,715840
32,32,16,64,5,8,8,716608
32,32,16,256,3,2,2,1876624
32,32,16,256,3,2,4,1877648
32,32,16,256,3,2,8,1911072
32,32,16,256,3,4,2,1909024
32,32,16,256,3,4,4,1909536
32,32,16,256,3,4,8,1975360
32,32,16,256,3,8,2,1973568
32,32,16,256,3,8,4,1974080
32,32,16,256,3,8,8,2104704
32,32,16,256,5,2,2,1686080
32,32,16,256,5,2,4,1766528
32,32,16,256,5,2,8,1926400
32,32,16,256,5,4,2,1764480
32,32,16,256,5,4,4,1922816
32,32,16,256,5,4,8,2239488
32,32,16,256,5,8,2,1921024
32,32,16,256,5,8,4,2236160
32,32,16,256,5,8,8,2866432
32,32,32,16,3,2,2,295328
32,32,32,16,3,2,4,295392
32,32,32,16,3,2,8,295520
32,32,32,16,3,4,2,360096
32,32,32,16,3,4,4,360160
32,32,32,16,3,4,8,360288
32,32,32,16,3,8,2,489680
32,32,32,16,3,8,4,489744
32,32,32,16,3,8,8,489888
32,32,32,16,5,2,2,357760
32,32,32,16,5,2,4,357952
32,32,32,16,5,2,8,358336
32,32,32,16,5,4,2,514528
32,32,32,16,5,4,4,514720
32,32,32,16,5,4,8,515104
32,32,32,16,5,8,2,828112
32,32,32,16,5,8,4,828304
32,32,32,16,5,8,8,828704
32,32,32,32,3,2,2,295456
32,32,32,32,3,2,4,295584
32,32,32,32,3,2,8,295840
32,32,32,32,3,4,2,360192
32,32,32,32,3,4,4,360320
32,32,32,32,3,4,8,360576
32,32,32,32,3,8,2,489760
32,32,32,32,3,8,4,489888
32,32,32,32,3,8,8,490176
32,32,32,32,5,2,2,358016
32,32,32,32,5,2,4,358400
32,32,32,32,5,2,8,359168
32,32,32,32,5,4,2,514752
32,32,32,32,5,4,4,515136
32,32,32,32,5,4,8,515904
32,32,32,32,5,8,2,828320
32,32,32,32,5,8,4,828704
32,32,32,32,5,8,8,829504
32,32,32,64,3,2,2,526112
32,32,32,64,3,2,4,526368
32,32,32,64,3,2,8,526880
32,32,32,64,3,4,2,590784
32,32,32,64,3,4,4,591040
32,32,32,64,3,4,8,591552
32,32,32,64,3,8,2,720320
32,32,32,64,3,8,4,720576
32,32,32,64,3,8,8,721152
32,32,32,64,5,2,2,559232
32,32,32,64,5,2,4,560000
32,32,32,64,5,2,8,718336
32,32,32,64,5,4,2,715904
32,32,32,64,5,4,4,716672
32,32,32,64,5,4,8,1031808
32,32,32,64,5,8,2,1029440
32,32,32,64,5,8,4,1030208
32,32,32,64,5,8,8,1433216
32,32,32,256,3,2,2,1910048
32,32,32,256,3,2,4,1975872
32,32,32,256,3,2,8,2107520
32,32,32,256,3,4,2,1974336
32,32,32,256,3,4,4,2104960
32,32,32,256,3,4,8,2366208
32,32,32,256,3,8,2,2103680
32,32,32,256,3,8,4,2363904
32,32,32,256,3,8,8,2884608
32,32,32,256,5,2,2,1923328
32,32,32,256,5,2,4,2240000
32,32,32,256,5,2,8,2873344
32,32,32,256,5,4,2,2236416
32,32,32,256,5,4,4,2866688
32,32,32,256,5,4,8,4127232
32,32,32,256,5,8,2,2863360
32,32,32,256,5,8,4,4120832
32,32,32,256,5,8,8,5732864
32,32,256,16,3,2,2,749376
32,32,256,16,3,2,4,749952
32,32,256,16,3,2,8,981504
32,32,256,16,3,4,2,1267776
32,32,256,16,3,4,4,1268352
32,32,256,16,3,4,8,1499904
32,32,256,16,3,8,2,2304576
32,32,256,16,3,8,4,2305152
32,32,256,16,3,8,8,2536704
32,32,256,16,5,2,2,1456704
32,32,256,16,5,2,4,1659008
32,32,256,16,5,2,8,2063616
32,32,256,16,5,4,2,2711104
32,32,256,16,5,4,4,2913408
32,32,256,16,5,4,8,3318016
32,32,256,16,5,8,2,5219904
32,32,256,16,5,8,4,5422208
32,32,256,16,5,8,8,5826816
32,32,256,32,3,2,2,749952
32,32,256,32,3,2,4,981504
32,32,256,32,3,2,8,1444608
32,32,256,32,3,4,2,1268352
32,32,256,32,3,4,4,1499904
32,32,256,32,3,4,8,1963008
32,32,256,32,3,8,2,2305152
32,32,256,32,3,8,4,2536704
32,32,256,32,3,8,8,2999808
32,32,256,32,5,2,2,1659136
32,32,256,32,5,2,4,2063872
32,32,256,32,5,2,8,2873344
32,32,256,32,5,4,2,2913408
32,32,256,32,5,4,4,3318016
32,32,256,32,5,4,8,4127232
32,32,256,32,5,8,2,5422208
32,32,256,32,5,8,4,5826816
32,32,256,32,5,8,8,6636032
32,32,256,64,3,2,2,1442560
32,32,256,64,3,2,4,1963008
32,32,256,64,3,2,8,2889216
32,32,256,64,3,4,2,1960704
32,32,256,64,3,4,4,2884608
32,32,256,64,3,4,8,3926016
32,32,256,64,3,8,2,2997504
32,32,256,64,3,8,4,3921408
32,32,256,64,3,8,8,5769216
32,32,256,64,5,2,2,2867200
32,32,256,64,5,2,4,4127744
32,32,256,64,5,2,8,5746688
32,32,256,64,5,4,2,4121088
32,32,256,64,5,4,4,5733376
32,32,256,64,5,4,8,8254464
32,32,256,64,5,8,2,6629632
32,32,256,64,5,8,4,8241664
32,32,256,64,5,8,8,11465728
32,32,256,256,3,2,2,5770240
32,32,256,256,3,2,4,7852032
32,32,256,256,3,2,8,11556864
32,32,256,256,3,4,2,7842816
32,32,256,256,3,4,4,11538432
32,32,256,256,3,4,8,15704064
32,32,256,256,3,8,2,11529216
32,32,256,256,3,8,4,15685632
32,32,256,256,3,8,8,23076864
32,32,256,256,5,2,2,11468800
32,32,256,256,5,2,4,16510976
32,32,256,256,5,2,8,22986752
32,32,256,256,5,4,2,16484352
32,32,256,256,5,4,4,22933504
32,32,256,256,5,4,8,33017856
32,32,256,256,5,8,2,22906880
32,32,256,256,5,8,4,32966656
32,32,256,256,5,8,8,45862912
64,64,1,16,3,2,2,992777
64,64,1,16,3,2,4,992777
64,64,1,16,3,2,8,992777
64,64,1,16,3,4,2,1001394
64,64,1,16,3,4,4,1001394
64,64,1,16,3,4,8,1001394
64,64,1,16,3,8,2,1018676
64,64,1,16,3,8,4,1018676
64,64,1,16,3,8,8,1018676
64,64,1,16,5,2,2,944164
64,64,1,16,5,2,4,944164
64,64,1,16,5,2,8,944164
64,64,1,16,5,4,2,966632
64,64,1,16,5,4,4,966632
64,64,1,16,5,4,8,966632
64,64,1,16,5,8,2,1011616
64,64,1,16,5,8,4,1011616
64,64,1,16,5,8,8,1011632
64,64,1,32,3,2,2,992841
64,64,1,32,3,2,4,992841
64,64,1,32,3,2,8,992841
64,64,1,32,3,4,2,1001426
64,64,1,32,3,4,4,1001426
64,64,1,32,3,4,8,1001426
64,64,1,32,3,8,2,1018692
64,64,1,32,3,8,4,1018692
64,64,1,32,3,8,8,1018692
64,64,1,32,5,2,2,944228
64,64,1,32,5,2,4,944228
64,64,1,32,5,2,8,944228
64,64,1,32,5,4,2,966664
64,64,1,32,5,4,4,966664
64,64,1,32,5,4,8,966664
64,64,1,32,5,8,2,1011632
64,64,1,32,5,8,4,1011632
64,64,1,32,5,8,8,1011664
64,64,1,64,3,2,2,1977033
64,64,1,64,3,2,4,1977033
64,64,1,64,3,2,8,1977033
64,64,1,64,3,4,2,1985554
64,64,1,64,3,4,4,1985554
64,64,1,64,3,4,8,1985554
64,64,1,64,3,8,2,2002788
64,64,1,64,3,8,4,2002788
64,64,1,64,3,8,8,2002788
64,64,1,64,5,2,2,1865956
64,64,1,64,5,2,4,1865956
64,64,1,64,5,2,8,1865956
64,64,1,64,5,4,2,1888328
64,64,1,64,5,4,4,1888328
64,64,1,64,5,4,8,1888328
64,64,1,64,5,8,2,1933264
64,64,1,64,5,8,4,1933264
64,64,1,64,5,8,8,1933328
64,64,1,256,3,2,2,7882185
64,64,1,256,3,2,4,7882185
64,64,1,256,3,2,8,7882185
64,64,1,256,3,4,2,7890322
64,64,1,256,3,4,4,7890322
64,64,1,256,3,4,8,7890322
64,64,1,256,3,8,2,7907364
64,64,1,256,3,8,4,7907364
64,64,1,256,3,8,8,7907364
64,64,1,256,5,2,2,7396324
64,64,1,256,5,2,4,7396324
64,64,1,256,5,2,8,7396324
64,64,1,256,5,4,2,7418312
64,64,1,256,5,4,4,7418312
64,64,1,256,5,4,8,7418312
64,64,1,256,5,8,2,7463056
64,64,1,256,5,8,4,7463056
64,64,1,256,5,8,8,7463312
64,64,3,16,3,2,2,1010075
64,64,3,16,3,2,4,1010075
64,64,3,16,3,2,8,1010075
64,64,3,16,3,4,2,1035990
64,64,3,16,3,4,4,1035990
64,64,3,16,3,4,8,1035990
64,64,3,16,3,8,2,1087868
64,64,3,16,3,8,4,1087868
64,64,3,16,3,8,8,1087884
64,64,3,16,5,2,2,989164
64,64,3,16,5,2,4,989164
64,64,3,16,5,2,8,989228
64,64,3,16,5,4,2,1056632
64,64,3,16,5,4,4,1056664
64,64,3,16,5,4,8,1056696
64,64,3,16,5,8,2,1191632
64,64,3,16,5,8,4,1191648
64,64,3,16,5,8,8,1191680
64,64,3,32,3,2,2,1010139
64,64,3,32,3,2,4,1010139
64,64,3,32,3,2,8,1010139
64,64,3,32,3,4,2,1036022
64,64,3,32,3,4,4,1036022
64,64,3,32,3,4,8,1036022
64,64,3,32,3,8,2,1087884
64,64,3,32,3,8,4,1087884
64,64,3,32,3,8,8,1087916
64,64,3,32,5,2,2,989228
64,64,3,32,5,2,4,989228
64,64,3,32,5,2,8,989356
64,64,3,32,5,4,2,1056664
64,64,3,32,5,4,4,1056728
64,64,3,32,5,4,8,1056792
64,64,3,32,5,8,2,1191664
64,64,3,32,5,8,4,1191696
64,64,3,32,5,8,8,1191760
64,64,3,64,3,2,2,1994331
64,64,3,64,3,2,4,1994331
64,64,3,64,3,2,8,1994331
64,64,3,64,3,4,2,2020150
64,64,3,64,3,4,4,2020150
64,64,3,64,3,4,8,2020150
64,64,3,64,3,8,2,2071980
64,64,3,64,3,8,4,2071980
64,64,3,64,3,8,8,2072044
64,64,3,64,5,2,2,1910956
64,64,3,64,5,2,4,1910956
64,64,3,64,5,2,8,1911212
64,64,3,64,5,4,2,1978328
64,64,3,64,5,4,4,1978456
64,64,3,64,5,4,8,1978584
64,64,3,64,5,8,2,2113328
64,64,3,64,5,8,4,2113392
64,64,3,64,5,8,8,2113520
64,64,3,256,3,2,2,7899483
64,64,3,256,3,2,4,7899483
64,64,3,256,3,2,8,7899483
64,64,3,256,3,4,2,7924918
64,64,3,256,3,4,4,7924918
64,64,3,256,3,4,8,7924918
64,64,3,256,3,8,2,7976556
64,64,3,256,3,8,4,7976556
64,64,3,256,3,8,8,7976812
64,64,3,256,5,2,2,7441324
64,64,3,256,5,2,4,7441324
64,64,3,256,5,2,8,7442348
64,64,3,256,5,4,2,7508312
64,64,3,256,5,4,4,7508824
64,64,3,256,5,4,8,7509336
64,64,3,256,5,8,2,7643312
64,64,3,256,5,8,4,7643568
64,64,3,256,5,8,8,7644080
64,64,16,16,3,2,2,1122512
64,64,16,16,3,2,4,1122576
64,64,16,16,3,2,8,1122640
64,64,16,16,3,4,2,1260896
64,64,16,16,3,4,4,1260928
64,64,16,16,3,4,8,1260992
64,64,16,16,3,8,2,1537648
64,64,16,16,3,8,4,1537680
64,64,16,16,3,8,8,1537744
64,64,16,16,5,2,2,1281728
64,64,16,16,5,2,4,1281856
64,64,16,16,5,2,8,1282048
64,64,16,16,5,4,2,1641728
64,64,16,16,5,4,4,1641824
64,64,16,16,5,4,8,1642016
64,64,16,16,5,8,2,2361712
64,64,16,16,5,8,4,2361808
64,64,16,16,5,8,8,2362000
64,64,16,32,3,2,2,1122576
64,64,16,32,3,2,4,1122704
64,64,16,32,3,2,8,1122832
64,64,16,32,3,4,2,1260960
64,64,16,32,3,4,4,1261024
64,64,16,32,3,4,8,1261152
64,64,16,32,3,8,2,1537696
64,64,16,32,3,8,4,1537760
64,64,16,32,3,8,8,1537888
64,64,16,32,5,2,2,1281856
64,64,16,32,5,2,4,1282112
64,64,16,32,5,2,8,1282496
64,64,16,32,5,4,2,1641856
64,64,16,32,5,4,4,1642048
64,64,16,32,5,4,8,1642432
64,64,16,32,5,8,2,2361824
64,64,16,32,5,8,4,2362016
64,64,16,32,5,8,8,2362400
64,64,16,64,3,2,2,2106768
64,64,16,64,3,2,4,2107024
64,64,16,64,3,2,8,2107280
64,64,16,64,3,4,2,2245152
64,64,16,64,3,4,4,2245280
64,64,16,64,3,4,8,2245536
64,64,16,64,3,8,2,2521856
64,64,16,64,3,8,4,2521984
64,64,16,64,3,8,8,2522240
64,64,16,64,5,2,2,2203712
64,64,16,64,5,2,4,2204224
64,64,16,64,5,2,8,2204992
64,64,16,64,5,4,2,2563712
64,64,16,64,5,4,4,2564096
64,64,16,64,5,4,8,2564864
64,64,16,64,5,8,2,3283648
64,64,16,64,5,8,4,3284032
64,64,16,64,5,8,8,3284800
64,64,16,256,3,2,2,8011920
64,64,16,256,3,2,4,8012944
64,64,16,256,3,2,8,8152352
64,64,16,256,3,4,2,8150304
64,64,16,256,3,4,4,8150816
64,64,16,256,3,4,8,8428608
64,64,16,256,3,8,2,8426816
64,64,16,256,3,8,4,8427328
64,64,16,256,3,8,8,8981888
64,64,16,256,5,2,2,7734848
64,64,16,256,5,2,4,8096896
64,64,16,256,5,2,8,8819968
64,64,16,256,5,4,2,8094848
64,64,16,256,5,4,4,8816384
64,64,16,256,5,4,8,10259456
64,64,16,256,5,8,2,8814592
64,64,16,256,5,8,4,10256128
64,64,16,256,5,8,8,13139200
64,64,32,16,3,2,2,1260960
64,64,32,16,3,2,4,1261024
64,64,32,16,3,2,8,1261152
64,64,32,16,3,4,2,1537696
64,64,32,16,3,4,4,1537760
64,64,32,16,3,4,8,1537888
64,64,32,16,3,8,2,2091216
64,64,32,16,3,8,4,2091280
64,64,32,16,3,8,8,2091424
64,64,32,16,5,2,2,1641856
64,64,32,16,5,2,4,1642048
64,64,32,16,5,2,8,1642432
64,64,32,16,5,4,2,2361824
64,64,32,16,5,4,4,2362016
64,64,32,16,5,4,8,2362400
64,64,32,16,5,8,2,3801808
64,64,32,16,5,8,4,3802000
64,64,32,16,5,8,8,3802400
64,64,32,32,3,2,2,1261088
64,64,32,32,3,2,4,1261216
64,64,32,32,3,2,8,1261472
64,64,32,32,3,4,2,1537792
64,64,32,32,3,4,4,1537920
64,64,32,32,3,4,8,1538176
64,64,32,32,3,8,2,2091296
64,64,32,32,3,8,4,2091424
64,64,32,32,3,8,8,2091712
64,64,32,32,5,2,2,1642112
64,64,32,32,5,2,4,1642496
64,64,32,32,5,2,8,1643264
64,64,32,32,5,4,2,2362048
64,64,32,32,5,4,4,2362432
64,64,32,32,5,4,8,2363200
64,64,32,32,5,8,2,3802016
64,64,32,32,5,8,4,3802400
64,64,32,32,5,8,8,3803200
64,64,32,64,3,2,2,2245408
64,64,32,64,3,2,4,2245664
64,64,32,64,3,2,8,2246176
64,64,32,64,3,4,2,2522048
64,64,32,64,3,4,4,2522304
64,64,32,64,3,4,8,2522816
64,64,32,64,3,8,2,3075520
64,64,32,64,3,8,4,3075776
64,64,32,64,3,8,8,3076352
64,64,32,64,5,2,2,2564224
64,64,32,64,5,2,4,2564992
64,64,32,64,5,2,8,3286528
64,64,32,64,5,4,2,3284096
64,64,32,64,5,4,4,3284864
64,64,32,64,5,4,8,4726400
64,64,32,64,5,8,2,4724032
64,64,32,64,5,8,4,4724800
64,64,32,64,5,8,8,6569600
64,64,32,256,3,2,2,8151328
64,64,32,256,3,2,4,8429120
64,64,32,256,3,2,8,8984704
64,64,32,256,3,4,2,8427584
64,64,32,256,3,4,4,8982144
64,64,32,256,3,4,8,10091264
64,64,32,256,3,8,2,8980864
64,64,32,256,3,8,4,10088960
64,64,32,256,3,8,8,12305408
64,64,32,256,5,2,2,8816896
64,64,32,256,5,2,4,10259968
64,64,32,256,5,2,8,13146112
64,64,32,256,5,4,2,10256384
64,64,32,256,5,4,4,13139456
64,64,32,256,5,4,8,18905600
64,64,32,256,5,8,2,13136128
64,64,32,256,5,8,4,18899200
64,64,32,256,5,8,8,26278400
64,64,256,16,3,2,2,3198784
64,64,256,16,3,2,4,3199360
64,64,256,16,3,2,8,4184576
64,64,256,16,3,4,2,5412928
64,64,256,16,3,4,4,5413504
64,64,256,16,3,4,8,6398720
64,64,256,16,3,8,2,9841216
64,64,256,16,3,8,4,9841792
64,64,256,16,3,8,8,10827008
64,64,256,16,5,2,2,6683200
64,64,256,16,5,2,4,7606400
64,64,256,16,5,2,8,9452800
64,64,256,16,5,4,2,12443200
64,64,256,16,5,4,4,13366400
64,64,256,16,5,4,8,15212800
64,64,256,16,5,8,2,23963200
64,64,256,16,5,8,4,24886400
64,64,256,16,5,8,8,26732800
64,64,256,32,3,2,2,3199360
64,64,256,32,3,2,4,4184576
64,64,256,32,3,2,8,6155008
64,64,256,32,3,4,2,5413504
64,64,256,32,3,4,4,6398720
64,64,256,32,3,4,8,8369152
64,64,256,32,3,8,2,9841792
64,64,256,32,3,8,4,10827008
64,64,256,32,3,8,8,12797440
64,64,256,32,5,2,2,7606528
64,64,256,32,5,2,4,9453056
64,64,256,32,5,2,8,13146112
64,64,256,32,5,4,2,13366400
64,64,256,32,5,4,4,15212800
64,64,256,32,5,4,8,18905600
64,64,256,32,5,8,2,24886400
64,64,256,32,5,8,4,26732800
64,64,256,32,5,8,8,30425600
64,64,256,64,3,2,2,6152960
64,64,256,64,3,2,4,8369152
64,64,256,64,3,2,8,12310016
64,64,256,64,3,4,2,8366848
64,64,256,64,3,4,4,12305408
64,64,256,64,3,4,8,16738304
64,64,256,64,3,8,2,12795136
64,64,256,64,3,8,4,16733696
64,64,256,64,3,8,8,24610816
64,64,256,64,5,2,2,13139968
64,64,256,64,5,2,4,18906112
64,64,256,64,5,2,8,26292224
64,64,256,64,5,4,2,18899456
64,64,256,64,5,4,4,26278912
64,64,256,64,5,4,8,37811200
64,64,256,64,5,8,2,30419200
64,64,256,64,5,8,4,37798400
64,64,256,64,5,8,8,52556800
64,64,256,256,3,2,2,24611840
64,64,256,256,3,2,4,33476608
64,64,256,256,3,2,8,49240064
64,64,256,256,3,4,2,33467392
64,64,256,256,3,4,4,49221632
64,64,256,256,3,4,8,66953216
64,64,256,256,3,8,2,49212416
64,64,256,256,3,8,4,66934784
64,64,256,256,3,8,8,98443264
64,64,256,256,5,2,2,52559872
64,64,256,256,5,2,4,75624448
64,64,256,256,5,2,8,105168896
64,64,256,256,5,4,2,75597824
64,64,256,256,5,4,4,105115648
64,64,256,256,5,4,8,151244800
64,64,256,256,5,8,2,105089024
64,64,256,256,5,8,4,151193600
64,64,256,256,5,8,8,210227200
8,8,1,16,1,2,2,16464
8,8,1,16,1,2,4,16464
8,8,1,16,1,2,8,16464
8,8,1,16,1,4,2,16448
8,8,1,16,1,4,4,16448
8,8,1,16,1,4,8,16448
8,8,1,16,1,8,2,16464
8,8,1,16,1,8,4,16464
8,8,1,16,1,8,8,16464
8,8,1,32,1,2,2,16528
8,8,1,32,1,2,4,16528
8,8,1,32,1,2,8,16528
8,8,1,32,1,4,2,16480
8,8,1,32,1,4,4,16480
8,8,1,32,1,4,8,16480
8,8,1,32,1,8,2,16480
8,8,1,32,1,8,4,16480
8,8,1,32,1,8,8,16480
8,8,1,64,1,2,2,33040
8,8,1,64,1,2,4,33040
8,8,1,64,1,2,8,33040
8,8,1,64,1,4,2,32928
8,8,1,64,1,4,4,32928
8,8,1,64,1,4,8,32928
8,8,1,64,1,8,2,32896
8,8,1,64,1,8,4,32896
8,8,1,64,1,8,8,32896
8,8,1,256,1,2,2,132112
8,8,1,256,1,2,4,132112
8,8,1,256,1,2,8,132112
8,8,1,256,1,4,2,131616
8,8,1,256,1,4,4,131616
8,8,1,256,1,4,8,131616
8,8,1,256,1,8,2,131392
8,8,1,256,1,8,4,131392
8,8,1,256,1,8,8,131392
8,8,3,16,1,2,2,16496
8,8,3,16,1,2,4,16496
8,8,3,16,1,2,8,16496
8,8,3,16,1,4,2,16512
8,8,3,16,1,4,4,16512
8,8,3,16,1,4,8,16512
8,8,3,16,1,8,2,16592
8,8,3,16,1,8,4,16592
8,8,3,16,1,8,8,16592
8,8,3,32,1,2,2,16560
8,8,3,32,1,2,4,16560
8,8,3,32,1,2,8,16560
8,8,3,32,1,4,2,16544
8,8,3,32,1,4,4,16544
8,8,3,32,1,4,8,16544
8,8,3,32,1,8,2,16608
8,8,3,32,1,8,4,16608
8,8,3,32,1,8,8,16608
8,8,3,64,1,2,2,33072
8,8,3,64,1,2,4,33072
8,8,3,64,1,2,8,33072
8,8,3,64,1,4,2,32992
8,8,3,64,1,4,4,32992
8,8,3,64,1,4,8,32992
8,8,3,64,1,8,2,33024
8,8,3,64,1,8,4,33024
8,8,3,64,1,8,8,33024
8,8,3,256,1,2,2,132144
8,8,3,256,1,2,4,132144
8,8,3,256,1,2,8,132144
8,8,3,256,1,4,2,131680
8,8,3,256,1,4,4,131680
8,8,3,256,1,4,8,131680
8,8,3,256,1,8,2,131520
8,8,3,256,1,8,4,131520
8,8,3,256,1,8,8,131520
8,8,16,16,1,2,2,16704
8,8,16,16,1,2,4,16704
8,8,16,16,1,2,8,16704
8,8,16,16,1,4,2,16928
8,8,16,16,1,4,4,16928
8,8,16,16,1,4,8,16928
8,8,16,16,1,8,2,17424
8,8,16,16,1,8,4,17424
8,8,16,16,1,8,8,17424
8,8,16,32,1,2,2,16768
8,8,16,32,1,2,4,16768
8,8,16,32,1,2,8,16768
8,8,16,32,1,4,2,16960
8,8,16,32,1,4,4,16960
8,8,16,32,1,4,8,16960
8,8,16,32,1,8,2,17440
8,8,16,32,1,8,4,17440
8,8,16,32,1,8,8,17440
8,8,16,64,1,2,2,33280
8,8,16,64,1,2,4,33280
8,8,16,64,1,2,8,33280
8,8,16,64,1,4,2,33408
8,8,16,64,1,4,4,33408
8,8,16,64,1,4,8,33408
8,8,16,64,1,8,2,33856
8,8,16,64,1,8,4,33856
8,8,16,64,1,8,8,33856
8,8,16,256,1,2,2,132352
8,8,16,256,1,2,4,132352
8,8,16,256,1,2,8,132352
8,8,16,256,1,4,2,132096
8,8,16,256,1,4,4,132096
8,8,16,256,1,4,8,132096
8,8,16,256,1,8,2,132352
8,8,16,256,1,8,4,132352
8,8,16,256,1,8,8,132352
8,8,32,16,1,2,2,16960
8,8,32,16,1,2,4,16960
8,8,32,16,1,2,8,16960
8,8,32,16,1,4,2,17440
8,8,32,16,1,4,4,17440
8,8,32,16,1,4,8,17440
8,8,32,16,1,8,2,18448
8,8,32,16,1,8,4,18448
8,8,32,16,1,8,8,18464
8,8,32,32,1,2,2,17024
8,8,32,32,1,2,4,17024
8,8,32,32,1,2,8,17024
8,8,32,32,1,4,2,17472
8,8,32,32,1,4,4,17472
8,8,32,32,1,4,8,17472
8,8,32,32,1,8,2,18464
8,8,32,32,1,8,4,18464
8,8,32,32,1,8,8,18496
8,8,32,64,1,2,2,33536
8,8,32,64,1,2,4,33536
8,8,32,64,1,2,8,33536
8,8,32,64,1,4,2,33920
8,8,32,64,1,4,4,33920
8,8,32,64,1,4,8,33920
8,8,32,64,1,8,2,34880
8,8,32,64,1,8,4,34880
8,8,32,64,1,8,8,34944
8,8,32,256,1,2,2,132608
8,8,32,256,1,2,4,132608
8,8,32,256,1,2,8,132608
8,8,32,256,1,4,2,132608
8,8,32,256,1,4,4,132608
8,8,32,256,1,4,8,132608
8,8,32,256,1,8,2,133376
8,8,32,256,1,8,4,133376
8,8,32,256,1,8,8,133632
8,8,256,16,1,2,2,20544
8,8,256,16,1,2,4,20608
8,8,256,16,1,2,8,20736
8,8,256,16,1,4,2,24640
8,8,256,16,1,4,4,24704
8,8,256,16,1,4,8,24832
8,8,256,16,1,8,2,32832
8,8,256,16,1,8,4,32896
8,8,256,16,1,8,8,33024
8,8,256,32,1,2,2,20608
8,8,256,32,1,2,4,20736
8,8,256,32,1,2,8,20992
8,8,256,32,1,4,2,24704
8,8,256,32,1,4,4,24832
8,8,256,32,1,4,8,25088
8,8,256,32,1,8,2,32896
8,8,256,32,1,8,4,33024
8,8,256,32,1,8,8,33280
8,8,256,64,1,2,2,37120
8,8,256,64,1,2,4,37376
8,8,256,64,1,2,8,37888
8,8,256,64,1,4,2,41216
8,8,256,64,1,4,4,41472
8,8,256,64,1,4,8,41984
8,8,256,64,1,8,2,49408
8,8,256,64,1,8,4,49664
8,8,256,64,1,8,8,50176
8,8,256,256,1,2,2,136192
8,8,256,256,1,2,4,137216
8,8,256,256,1,2,8,143360
8,8,256,256,1,4,2,140288
8,8,256,256,1,4,4,141312
8,8,256,256,1,4,8,151552
8,8,256,256,1,8,2,148480
8,8,256,256,1,8,4,149504
8,8,256,256,1,8,8,167936
32,32,1,16,1,2,2,262464
32,32,1,16,1,2,4,262464
32,32,1,16,1,2,8,262464
32,32,1,16,1,4,2,262688
32,32,1,16,1,4,4,262688
32,32,1,16,1,4,8,262688
32,32,1,16,1,8,2,263184
32,32,1,16,1,8,4,263184
32,32,1,16,1,8,8,263184
32,32,1,32,1,2,2,262528
32,32,1,32,1,2,4,262528
32,32,1,32,1,2,8,262528
32,32,1,32,1,4,2,262720
32,32,1,32,1,4,4,262720
32,32,1,32,1,4,8,262720
32,32,1,32,1,8,2,263200
32,32,1,32,1,8,4,263200
32,32,1,32,1,8,8,263200
32,32,1,64,1,2,2,524800
32,32,1,64,1,2,4,524800
32,32,1,64,1,2,8,524800
32,32,1,64,1,4,2,524928
32,32,1,64,1,4,4,524928
32,32,1,64,1,4,8,524928
32,32,1,64,1,8,2,525376
32,32,1,64,1,8,4,525376
32,32,1,64,1,8,8,525376
32,32,1,256,1,2,2,2098432
32,32,1,256,1,2,4,2098432
32,32,1,256,1,2,8,2098432
32,32,1,256,1,4,2,2098176
32,32,1,256,1,4,4,2098176
32,32,1,256,1,4,8,2098176
32,32,1,256,1,8,2,2098432
32,32,1,256,1,8,4,2098432
32,32,1,256,1,8,8,2098432
32,32,3,16,1,2,2,262976
32,32,3,16,1,2,4,262976
32,32,3,16,1,2,8,262976
32,32,3,16,1,4,2,263712
32,32,3,16,1,4,4,263712
32,32,3,16,1,4,8,263712
32,32,3,16,1,8,2,265232
32,32,3,16,1,8,4,265232
32,32,3,16,1,8,8,265232
32,32,3,32,1,2,2,263040
32,32,3,32,1,2,4,263040
32,32,3,32,1,2,8,263040
32,32,3,32,1,4,2,263744
32,32,3,32,1,4,4,263744
32,32,3,32,1,4,8,263744
32,32,3,32,1,8,2,265248
32,32,3,32,1,8,4,265248
32,32,3,32,1,8,8,265248
32,32,3,64,1,2,2,525312
32,32,3,64,1,2,4,525312
32,32,3,64,1,2,8,525312
32,32,3,64,1,4,2,525952
32,32,3,64,1,4,4,525952
32,32,3,64,1,4,8,525952
32,32,3,64,1,8,2,527424
32,32,3,64,1,8,4,527424
32,32,3,64,1,8,8,527424
32,32,3,256,1,2,2,2098944
32,32,3,256,1,2,4,2098944
32,32,3,256,1,2,8,2098944
32,32,3,256,1,4,2,2099200
32,32,3,256,1,4,4,2099200
32,32,3,256,1,4,8,2099200
32,32,3,256,1,8,2,2100480
32,32,3,256,1,8,4,2100480
32,32,3,256,1,8,8,2100480
32,32,16,16,1,2,2,266304
32,32,16,16,1,2,4,266304
32,32,16,16,1,2,8,266304
32,32,16,16,1,4,2,270368
32,32,16,16,1,4,4,270368
32,32,16,16,1,4,8,270368
32,32,16,16,1,8,2,278544
32,32,16,16,1,8,4,278544
32,32,16,16,1,8,8,278544
32,32,16,32,1,2,2,266368
32,32,16,32,1,2,4,266368
32,32,16,32,1,2,8,266368
32,32,16,32,1,4,2,270400
32,32,16,32,1,4,4,270400
32,32,16,32,1,4,8,270400
32,32,16,32,1,8,2,278560
32,32,16,32,1,8,4,278560
32,32,16,32,1,8,8,278560
32,32,16,64,1,2,2,528640
32,32,16,64,1,2,4,528640
32,32,16,64,1,2,8,528640
32,32,16,64,1,4,2,532608
32,32,16,64,1,4,4,532608
32,32,16,64,1,4,8,532608
32,32,16,64,1,8,2,540736
32,32,16,64,1,8,4,540736
32,32,16,64,1,8,8,540736
32,32,16,256,1,2,2,2102272
32,32,16,256,1,2,4,2102272
32,32,16,256,1,2,8,2102272
32,32,16,256,1,4,2,2105856
32,32,16,256,1,4,4,2105856
32,32,16,256,1,4,8,2105856
32,32,16,256,1,8,2,2113792
32,32,16,256,1,8,4,2113792
32,32,16,256,1,8,8,2113792
32,32,32,16,1,2,2,270400
32,32,32,16,1,2,4,270400
32,32,32,16,1,2,8,270400
32,32,32,16,1,4,2,278560
32,32,32,16,1,4,4,278560
32,32,32,16,1,4,8,278560
32,32,32,16,1,8,2,294928
32,32,32,16,1,8,4,294928
32,32,32,16,1,8,8,294944
32,32,32,32,1,2,2,270464
32,32,32,32,1,2,4,270464
32,32,32,32,1,2,8,270464
32,32,32,32,1,4,2,278592
32,32,32,32,1,4,4,278592
32,32,32,32,1,4,8,278592
32,32,32,32,1,8,2,294944
32,32,32,32,1,8,4,294944
32,32,32,32,1,8,8,294976
32,32,32,64,1,2,2,532736
32,32,32,64,1,2,4,532736
32,32,32,64,1,2,8,532736
32,32,32,64,1,4,2,540800
32,32,32,64,1,4,4,540800
32,32,32,64,1,4,8,540800
32,32,32,64,1,8,2,557120
32,32,32,64,1,8,4,557120
32,32,32,64,1,8,8,557184
32,32,32,256,1,2,2,2106368
32,32,32,256,1,2,4,2106368
32,32,32,256,1,2,8,2106368
32,32,32,256,1,4,2,2114048
32,32,32,256,1,4,4,2114048
32,32,32,256,1,4,8,2114048
32,32,32,256,1,8,2,2130176
32,32,32,256,1,8,4,2130176
32,32,32,256,1,8,8,2130432
32,32,256,16,1,2,2,327744
32,32,256,16,1,2,4,327808
32,32,256,16,1,2,8,327936
32,32,256,16,1,4,2,393280
32,32,256,16,1,4,4,393344
32,32,256,16,1,4,8,393472
32,32,256,16,1,8,2,524352
32,32,256,16,1,8,4,524416
32,32,256,16,1,8,8,524544
32,32,256,32,1,2,2,327808
32,32,256,32,1,2,4,327936
32,32,256,32,1,2,8,328192
32,32,256,32,1,4,2,393344
32,32,256,32,1,4,4,393472
32,32,256,32,1,4,8,393728
32,32,256,32,1,8,2,524416
32,32,256,32,1,8,4,524544
32,32,256,32,1,8,8,524800
32,32,256,64,1,2,2,590080
32,32,256,64,1,2,4,590336
32,32,256,64,1,2,8,590848
32,32,256,64,1,4,2,655616
32,32,256,64,1,4,4,655872
32,32,256,64,1,4,8,656384
32,32,256,64,1,8,2,786688
32,32,256,64,1,8,4,786944
32,32,256,64,1,8,8,787456
32,32,256,256,1,2,2,2163712
32,32,256,256,1,2,4,2164736
32,32,256,256,1,2,8,2232320
32,32,256,256,1,4,2,2229248
32,32,256,256,1,4,4,2230272
32,32,256,256,1,4,8,2363392
32,32,256,256,1,8,2,2360320
32,32,256,256,1,8,4,2361344
32,32,256,256,1,8,8,2625536
64,64,1,16,1,2,2,1049664
64,64,1,16,1,2,4,1049664
64,64,1,16,1,2,8,1049664
64,64,1,16,1,4,2,1050656
64,64,1,16,1,4,4,1050656
64,64,1,16,1,4,8,1050656
64,64,1,16,1,8,2,1052688
64,64,1,16,1,8,4,1052688
64,64,1,16,1,8,8,1052688
64,64,1,32,1,2,2,1049728
64,64,1,32,1,2,4,1049728
64,64,1,32,1,2,8,1049728
64,64,1,32,1,4,2,1050688
64,64,1,32,1,4,4,1050688
64,64,1,32,1,4,8,1050688
64,64,1,32,1,8,2,1052704
64,64,1,32,1,8,4,1052704
64,64,1,32,1,8,8,1052704
64,64,1,64,1,2,2,2098432
64,64,1,64,1,2,4,2098432
64,64,1,64,1,2,8,2098432
64,64,1,64,1,4,2,2099328
64,64,1,64,1,4,4,2099328
64,64,1,64,1,4,8,2099328
64,64,1,64,1,8,2,2101312
64,64,1,64,1,8,4,2101312
64,64,1,64,1,8,8,2101312
64,64,1,256,1,2,2,8390656
64,64,1,256,1,2,4,8390656
64,64,1,256,1,2,8,8390656
64,64,1,256,1,4,2,8391168
64,64,1,256,1,4,4,8391168
64,64,1,256,1,4,8,8391168
64,64,1,256,1,8,2,8392960
64,64,1,256,1,8,4,8392960
64,64,1,256,1,8,8,8392960
64,64,3,16,1,2,2,1051712
64,64,3,16,1,2,4,1051712
64,64,3,16,1,2,8,1051712
64,64,3,16,1,4,2,1054752
64,64,3,16,1,4,4,1054752
64,64,3,16,1,4,8,1054752
64,64,3,16,1,8,2,1060880
64,64,3,16,1,8,4,1060880
64,64,3,16,1,8,8,1060880
64,64,3,32,1,2,2,1051776
64,64,3,32,1,2,4,1051776
64,64,3,32,1,2,8,1051776
64,64,3,32,1,4,2,1054784
64,64,3,32,1,4,4,1054784
64,64,3,32,1,4,8,1054784
64,64,3,32,1,8,2,1060896
64,64,3,32,1,8,4,1060896
64,64,3,32,1,8,8,1060896
64,64,3,64,1,2,2,2100480
64,64,3,64,1,2,4,2100480
64,64,3,64,1,2,8,2100480
64,64,3,64,1,4,2,2103424
64,64,3,64,1,4,4,2103424
64,64,3,64,1,4,8,2103424
64,64,3,64,1,8,2,2109504
64,64,3,64,1,8,4,2109504
64,64,3,64,1,8,8,2109504
64,64,3,256,1,2,2,8392704
64,64,3,256,1,2,4,8392704
64,64,3,256,1,2,8,8392704
64,64,3,256,1,4,2,8395264
64,64,3,256,1,4,4,8395264
64,64,3,256,1,4,8,8395264
64,64,3,256,1,8,2,8401152
64,64,3,256,1,8,4,8401152
64,64,3,256,1,8,8,8401152
64,64,16,16,1,2,2,1065024
64,64,16,16,1,2,4,1065024
64,64,16,16,1,2,8,1065024
64,64,16,16,1,4,2,1081376
64,64,16,16,1,4,4,1081376
64,64,16,16,1,4,8,1081376
64,64,16,16,1,8,2,1114128
64,64,16,16,1,8,4,1114128
64,64,16,16,1,8,8,1114128
64,64,16,32,1,2,2,1065088
64,64,16,32,1,2,4,1065088
64,64,16,32,1,2,8,1065088
64,64,16,32,1,4,2,1081408
64,64,16,32,1,4,4,1081408
64,64,16,32,1,4,8,1081408
64,64,16,32,1,8,2,1114144
64,64,16,32,1,8,4,1114144
64,64,16,32,1,8,8,1114144
64,64,16,64,1,2,2,2113792
64,64,16,64,1,2,4,2113792
64,64,16,64,1,2,8,2113792
64,64,16,64,1,4,2,2130048
64,64,16,64,1,4,4,2130048
64,64,16,64,1,4,8,2130048
64,64,16,64,1,8,2,2162752
64,64,16,64,1,8,4,2162752
64,64,16,64,1,8,8,2162752
64,64,16,256,1,2,2,8406016
64,64,16,256,1,2,4,8406016
64,64,16,256,1,2,8,8406016
64,64,16,256,1,4,2,8421888
64,64,16,256,1,4,4,8421888
64,64,16,256,1,4,8,8421888
64,64,16,256,1,8,2,8454400
64,64,16,256,1,8,4,8454400
64,64,16,256,1,8,8,8454400
64,64,32,16,1,2,2,1081408
64,64,32,16,1,2,4,1081408
64,64,32,16,1,2,8,1081408
64,64,32,16,1,4,2,1114144
64,64,32,16,1,4,4,1114144
64,64,32,16,1,4,8,1114144
64,64,32,16,1,8,2,1179664
64,64,32,16,1,8,4,1179664
64,64,32,16,1,8,8,1179680
64,64,32,32,1,2,2,1081472
64,64,32,32,1,2,4,1081472
64,64,32,32,1,2,8,1081472
64,64,32,32,1,4,2,1114176
64,64,32,32,1,4,4,1114176
64,64,32,32,1,4,8,1114176
64,64,32,32,1,8,2,1179680
64,64,32,32,1,8,4,1179680
64,64,32,32,1,8,8,1179712
64,64,32,64,1,2,2,2130176
64,64,32,64,1,2,4,2130176
64,64,32,64,1,2,8,2130176
64,64,32,64,1,4,2,2162816
64,64,32,64,1,4,4,2162816
64,64,32,64,1,4,8,2162816
64,64,32,64,1,8,2,2228288
64,64,32,64,1,8,4,2228288
64,64,32,64,1,8,8,2228352
64,64,32,256,1,2,2,8422400
64,64,32,256,1,2,4,8422400
64,64,32,256,1,2,8,8422400
64,64,32,256,1,4,2,8454656
64,64,32,256,1,4,4,8454656
64,64,32,256,1,4,8,8454656
64,64,32,256,1,8,2,8519936
64,64,32,256,1,8,4,8519936
64,64,32,256,1,8,8,8520192
64,64,256,16,1,2,2,1310784
64,64,256,16,1,2,4,1310848
64,64,256,16,1,2,8,1310976
64,64,256,16,1,4,2,1572928
64,64,256,16,1,4,4,1572992
64,64,256,16,1,4,8,1573120
64,64,256,16,1,8,2,2097216
64,64,256,16,1,8,4,2097280
64,64,256,16,1,8,8,2097408
64,64,256,32,1,2,2,1310848
64,64,256,32,1,2,4,1310976
64,64,256,32,1,2,8,1311232
64,64,256,32,1,4,2,1572992
64,64,256,32,1,4,4,1573120
64,64,256,32,1,4,8,1573376
64,64,256,32,1,8,2,2097280
64,64,256,32,1,8,4,2097408
64,64,256,32,1,8,8,2097664
64,64,256,64,1,2,2,2359552
64,64,256,64,1,2,4,2359808
64,64,256,64,1,2,8,2360320
64,64,256,64,1,4,2,2621696
64,64,256,64,1,4,4,2621952
64,64,256,64,1,4,8,2622464
64,64,256,64,1,8,2,3145984
64,64,256,64,1,8,4,3146240
64,64,256,64,1,8,8,3146752
64,64,256,256,1,2,2,8651776
64,64,256,256,1,2,4,8652800
64,64,256,256,1,2,8,8916992
64,64,256,256,1,4,2,8913920
64,64,256,256,1,4,4,8914944
64,64,256,256,1,4,8,9441280
64,64,256,256,1,8,2,9438208
64,64,256,256,1,8,4,9439232
64,64,256,256,1,8,8,10489856
